CRIM,ZN,INDUS,CHAS,NOX,RM,AGE,DIS,RAD,TAX,PTRATIO,B,LSTAT,Price,ln_Price
0.05077,18,3.64,0,0.538,6.575,65.2,4.09,3,296,15.575,396.9,5.465,24,3.17805383
0.05077,0,7.07,0,0.469,6.421,78.9,4.9671,3,254.75,17.8,396.9,9.14,21.6,3.072693315
0.05077,0,7.07,0,0.469,6.94,61.1,4.9671,3,254.75,17.8,392.83,5.465,31.025,3.434792358
0.05077,0,3.64,0,0.458,6.94,45.8,6.0622,3,254.75,18.7,394.63,5.465,31.025,3.434792358
0.06905,0,3.64,0,0.458,6.94,54.2,6.0622,3,254.75,18.7,396.9,5.465,31.025,3.434792358
0.05077,0,3.64,0,0.458,6.43,58.7,6.0622,3,254.75,18.7,394.12,5.465,28.7,3.356897123
0.08829,12.5,7.87,0,0.524,6.012,66.6,5.5605,5,311,15.575,395.6,12.43,22.9,3.131136911
0.14455,12.5,7.87,0,0.524,6.172,96.1,5.9505,5,311,15.575,396.9,19.15,27.1,3.299533728
0.21124,12.5,7.87,0,0.524,5.712,97.3,6.0821,5,311,15.575,386.63,19.805,16.5,2.803360381
0.17004,12.5,7.87,0,0.524,6.004,85.9,6.267675,5,311,15.575,386.71,17.1,18.9,2.939161922
0.22489,12.5,7.87,0,0.524,6.377,94.3,6.267675,5,311,15.575,392.52,19.805,15,2.708050201
0.11747,12.5,7.87,0,0.524,6.009,82.9,6.2267,5,311,15.575,396.9,13.27,18.9,2.939161922
0.09378,12.5,7.87,0,0.524,5.889,39,5.4509,5,311,15.575,390.5,15.71,21.7,3.077312261
0.62976,0,8.14,0,0.538,5.949,61.8,4.7075,4,307,20.2,396.9,8.26,20.4,3.015534901
0.63796,0,8.14,0,0.538,6.096,84.5,4.4619,4,307,20.2,380.02,10.26,18.2,2.901421594
0.62739,0,8.14,0,0.538,5.834,56.5,4.4986,4,307,20.2,395.62,8.47,19.9,2.990719732
1.05393,0,8.14,0,0.538,5.935,32.2,4.4986,4,307,20.2,386.85,6.58,23.1,3.139832618
0.7842,0,8.14,0,0.538,5.99,81.7,4.2579,4,307,20.2,386.75,14.67,17.5,2.862200881
0.80271,0,8.14,0,0.538,5.712,36.6,3.7965,4,307,20.2,343.8575,11.69,20.2,3.005682604
0.7258,0,8.14,0,0.538,5.727,69.5,3.7965,4,307,20.2,390.95,11.28,18.2,2.901421594
1.25179,0,8.14,0,0.538,5.712,97.3,3.7979,4,307,20.2,376.57,19.805,13.975,2.637265207
0.85204,0,8.14,0,0.538,5.965,89.2,4.0123,4,307,20.2,392.53,13.83,19.6,2.975529566
1.23247,0,8.14,0,0.538,6.142,91.7,3.9769,4,307,20.2,396.9,18.72,15.2,2.721295428
0.98843,0,8.14,0,0.538,5.813,97.3,4.0952,4,307,20.2,394.54,19.805,14.5,2.674148649
0.75026,0,8.14,0,0.538,5.924,94.1,4.3996,4,307,20.2,394.33,16.3,15.6,2.747270914
0.84054,0,8.14,0,0.538,5.712,85.7,4.4546,4,307,20.2,343.8575,16.51,13.975,2.637265207
0.67191,0,8.14,0,0.538,5.813,90.3,4.682,4,307,20.2,376.88,14.81,16.6,2.809402695
0.95577,0,8.14,0,0.538,6.047,88.8,4.4534,4,307,20.2,343.8575,17.28,14.8,2.694627181
0.77299,0,8.14,0,0.538,6.495,94.4,4.4547,4,307,20.2,387.94,12.8,18.4,2.912350665
1.00245,0,8.14,0,0.538,6.674,87.3,4.239,4,307,20.2,380.23,11.98,21,3.044522438
1.13081,0,8.14,0,0.538,5.713,94.1,4.233,4,307,20.2,360.17,19.805,13.975,2.637265207
1.35472,0,8.14,0,0.538,6.072,97.3,4.175,4,307,20.2,376.73,13.04,14.5,2.674148649
1.38799,0,8.14,0,0.538,5.95,82,3.99,4,307,20.2,343.8575,19.805,13.975,2.637265207
1.15172,0,8.14,0,0.538,5.712,95,3.7872,4,307,20.2,358.77,18.35,13.975,2.637265207
1.61282,0,8.14,0,0.538,6.096,96.9,3.7598,4,307,20.2,343.8575,19.805,13.975,2.637265207
0.06417,0,5.96,0,0.499,5.933,68.2,3.3603,5,279,19.2,396.9,9.68,18.9,2.939161922
0.09744,0,5.96,0,0.499,5.841,61.4,3.3779,5,279,19.2,377.56,11.41,20,2.995732274
0.08014,0,5.96,0,0.499,5.85,41.5,3.9342,5,279,19.2,396.9,8.77,21,3.044522438
0.17505,0,5.96,0,0.499,5.966,32.2,3.8473,5,279,19.2,393.43,10.13,24.7,3.206803244
0.05077,28,3.64,0,0.4365,6.595,32.2,5.4011,3,254.75,18.3,395.63,5.465,30.8,3.42751469
0.05077,28,3.64,0,0.4365,6.94,32.2,5.4011,3,254.75,18.3,395.62,5.465,31.025,3.434792358
0.12744,0,6.91,0,0.448,6.77,32.2,5.7209,3,254.75,17.9,385.41,5.465,26.6,3.280911216
0.1415,0,6.91,0,0.448,6.169,32.2,5.7209,3,254.75,17.9,383.37,5.81,25.3,3.230804396
0.15936,0,6.91,0,0.448,6.211,32.2,5.7209,3,254.75,17.9,394.46,7.44,24.7,3.206803244
0.12269,0,6.91,0,0.448,6.069,40,5.7209,3,254.75,17.9,389.39,9.55,21.2,3.054001182
0.17142,0,6.91,0,0.448,5.712,33.8,5.1004,3,254.75,17.9,396.9,10.21,19.3,2.960105096
0.18836,0,6.91,0,0.448,5.786,33.3,5.1004,3,254.75,17.9,396.9,14.15,20,2.995732274
0.22927,0,6.91,0,0.448,6.03,85.5,5.6894,3,254.75,17.9,392.74,18.8,16.6,2.809402695
0.25387,0,6.91,0,0.448,5.712,95.3,5.87,3,254.75,17.9,396.9,19.805,14.4,2.667228207
0.21977,0,6.91,0,0.448,5.712,62,6.0877,3,254.75,17.9,396.9,16.2,19.4,2.965273066
0.08873,21,5.64,0,0.439,5.963,45.7,6.267675,4,254.75,16.8,395.56,13.45,19.7,2.980618636
0.05077,21,5.64,0,0.439,6.115,63,6.267675,4,254.75,16.8,393.97,9.43,20.5,3.020424886
0.0536,21,5.64,0,0.439,6.511,32.2,6.267675,4,254.75,16.8,396.9,5.465,25,3.218875825
0.05077,21,5.64,0,0.439,5.998,32.2,6.267675,4,254.75,16.8,396.9,8.43,23.4,3.152736022
0.05077,28,4,0,0.4365,5.888,47.6,6.267675,3,469,20.2,396.9,14.8,18.9,2.939161922
0.05077,28,3.64,0,0.4365,6.94,32.2,6.267675,5,254.75,17.9,395.93,5.465,31.025,3.434792358
0.05077,28,3.64,0,0.4365,6.383,35.7,6.267675,3,313,17.3,396.9,5.77,24.7,3.206803244
0.05077,28,3.64,0,0.4365,6.816,40.5,6.267675,5,256,15.575,392.9,5.465,31.025,3.434792358
0.15445,25,5.13,0,0.453,6.145,32.2,6.267675,8,284,19.7,390.68,6.86,23.3,3.148453361
0.10328,25,5.13,0,0.453,5.927,47.2,6.267675,8,284,19.7,396.9,9.22,19.6,2.975529566
0.14932,25,5.13,0,0.453,5.741,66.2,6.267675,8,284,19.7,395.11,13.15,18.7,2.928523524
0.17171,25,5.13,0,0.453,5.966,93.4,6.267675,8,284,19.7,378.08,14.44,16,2.772588722
0.11027,25,5.13,0,0.453,6.456,67.8,6.267675,8,284,19.7,396.9,6.73,22.2,3.100092289
0.1265,25,5.13,0,0.453,6.762,43.4,6.267675,8,284,19.7,395.58,9.5,25,3.218875825
0.05077,17.5,3.64,0,0.4365,6.94,59.5,6.267675,3,254.75,18.6,393.24,8.05,31.025,3.434792358
0.05077,28,3.64,0,0.4365,6.29,32.2,6.267675,4,337,16.1,396.9,5.465,23.5,3.157000421
0.05077,28,3.64,0,0.4365,5.787,32.2,6.267675,4,337,16.1,396.9,10.24,19.4,2.965273066
0.05789,12.5,6.07,0,0.4365,5.878,32.2,6.267675,4,345,18.9,396.21,8.1,22,3.091042453
0.13554,12.5,6.07,0,0.4365,5.712,36.8,6.267675,4,345,18.9,396.9,13.09,17.4,2.856470206
0.12816,12.5,6.07,0,0.4365,5.885,33,6.267675,4,345,18.9,396.9,8.79,20.9,3.039749159
0.08826,0,10.81,0,0.4365,6.417,32.2,5.2873,4,305,19.2,383.73,6.72,24.2,3.186352633
0.15876,0,10.81,0,0.4365,5.961,32.2,5.2873,4,305,19.2,376.94,9.88,21.7,3.077312261
0.09164,0,10.81,0,0.4365,6.065,32.2,5.2873,4,305,19.2,390.91,5.52,22.8,3.126760536
0.19539,0,10.81,0,0.4365,6.245,32.2,5.2873,4,305,19.2,377.17,7.54,23.4,3.152736022
0.07896,0,12.83,0,0.437,6.273,32.2,4.2515,5,398,18.7,394.92,6.78,24.1,3.18221184
0.09512,0,12.83,0,0.437,6.286,45,4.5026,5,398,18.7,383.23,8.94,21.4,3.063390922
0.10153,0,12.83,0,0.437,6.279,74.5,4.0522,5,398,18.7,373.66,11.97,20,2.995732274
0.08707,0,12.83,0,0.437,6.14,45.8,4.0905,5,398,18.7,386.96,10.27,20.8,3.034952987
0.05646,0,12.83,0,0.437,6.232,53.7,5.0141,5,398,18.7,386.4,12.34,21.2,3.054001182
0.08387,0,12.83,0,0.437,5.874,36.6,4.5026,5,398,18.7,396.06,9.1,20.3,3.010620886
0.05077,25,4.86,0,0.4365,6.727,33.5,5.4007,4,281,19,396.9,5.465,28,3.33220451
0.05077,25,4.86,0,0.4365,6.619,70.4,5.4007,4,281,19,395.63,7.22,23.9,3.173878459
0.05077,25,4.86,0,0.4365,6.302,32.2,5.4007,4,281,19,396.9,6.72,24.8,3.210843653
0.05077,25,4.86,0,0.4365,6.167,46.7,5.4007,4,281,19,390.64,7.51,22.9,3.131136911
0.05077,0,4.49,0,0.449,6.389,48,4.7794,3,254.75,18.5,396.9,9.62,23.9,3.173878459
0.05735,0,4.49,0,0.449,6.63,56.1,4.4377,3,254.75,18.5,392.3,6.53,26.6,3.280911216
0.05188,0,4.49,0,0.449,6.015,45.1,4.4272,3,254.75,18.5,395.99,12.86,22.5,3.113515309
0.07151,0,4.49,0,0.449,6.121,56.8,3.7476,3,254.75,18.5,395.15,8.44,22.2,3.100092289
0.0566,0,3.64,0,0.489,6.94,86.3,3.4217,3,270,17.8,396.9,5.5,23.6,3.161246712
0.05302,0,3.64,0,0.489,6.94,63.1,3.4145,3,270,17.8,396.06,5.7,28.7,3.356897123
0.05077,0,3.64,0,0.489,6.417,66.1,3.0923,3,270,17.8,392.18,8.81,22.6,3.117949906
0.05077,0,3.64,0,0.489,6.405,73.9,3.0921,3,270,17.8,393.55,8.2,22,3.091042453
0.05077,28,15.04,0,0.464,6.442,53.6,3.6659,4,270,18.2,395.01,8.16,22.9,3.131136911
0.05077,28,15.04,0,0.464,6.211,32.2,3.6659,4,270,18.2,396.33,6.21,25,3.218875825
0.05077,28,15.04,0,0.464,6.249,77.3,3.615,4,270,18.2,396.9,10.59,20.6,3.025291076
0.12204,0,3.64,0,0.445,6.625,57.8,3.4952,3,276,18,357.98,6.65,28.4,3.346389145
0.11504,0,3.64,0,0.445,6.163,69.6,3.4952,3,276,18,391.83,11.34,21.4,3.063390922
0.12083,0,3.64,0,0.445,6.94,76,3.4952,3,276,18,396.9,5.465,31.025,3.434792358
0.08187,0,3.64,0,0.445,6.94,36.9,3.4952,3,276,18,393.53,5.465,31.025,3.434792358
0.0686,0,3.64,0,0.445,6.94,62.5,3.4952,3,276,18,396.9,6.19,31.025,3.434792358
0.14866,0,8.56,0,0.52,6.727,79.9,2.7778,5,384,20.2,394.76,9.42,27.5,3.314186005
0.11432,0,8.56,0,0.52,6.781,71.3,2.8561,5,384,20.2,395.58,7.67,26.5,3.277144733
0.22876,0,8.56,0,0.52,6.405,85.4,2.7147,5,384,20.2,343.8575,10.63,18.6,2.923161581
0.21161,0,8.56,0,0.52,6.137,87.4,2.7147,5,384,20.2,394.47,13.44,19.3,2.960105096
0.1396,0,8.56,0,0.52,6.167,90,2.421,5,384,20.2,392.69,12.33,20.1,3.000719815
0.13262,0,8.56,0,0.52,5.851,96.7,2.1069,5,384,20.2,394.05,16.47,19.5,2.970414466
0.1712,0,8.56,0,0.52,5.836,91.9,2.211,5,384,20.2,395.67,18.66,19.5,2.970414466
0.13117,0,8.56,0,0.52,6.127,85.2,2.1224,5,384,20.2,387.69,14.09,20.4,3.015534901
0.12802,0,8.56,0,0.52,6.474,97.1,2.4329,5,384,20.2,395.24,12.27,19.8,2.985681938
0.26363,0,8.56,0,0.52,6.229,91.2,2.5451,5,384,20.2,391.23,15.55,19.4,2.965273066
0.10793,0,8.56,0,0.52,6.195,54.4,2.7778,5,384,20.2,393.49,13,21.7,3.077312261
0.10084,0,10.01,0,0.547,6.715,81.6,2.6775,6,432,17.8,395.59,10.16,22.8,3.126760536
0.12329,0,10.01,0,0.547,5.913,92.9,2.3534,6,432,17.8,394.95,16.21,18.8,2.93385687
0.22212,0,10.01,0,0.547,6.092,95.4,2.548,6,432,17.8,396.9,17.09,18.7,2.928523524
0.14231,0,10.01,0,0.547,6.254,84.2,2.2565,6,432,17.8,388.74,10.45,18.5,2.917770732
0.17134,0,10.01,0,0.547,5.928,88.2,2.4631,6,432,17.8,344.91,15.76,18.3,2.90690106
0.13158,0,10.01,0,0.547,6.176,72.5,2.7301,6,432,17.8,393.3,12.04,21.2,3.054001182
0.15098,0,10.01,0,0.547,6.021,82.6,2.7474,6,432,17.8,394.51,10.3,19.2,2.954910279
0.13058,0,10.01,0,0.547,5.872,73.1,2.4775,6,432,17.8,343.8575,15.37,20.4,3.015534901
0.14476,0,10.01,0,0.547,5.731,65.2,2.7592,6,432,17.8,391.5,13.61,19.3,2.960105096
0.06899,0,18.1,0,0.581,5.87,69.7,2.2577,3,254.75,19.1,389.15,14.37,22,3.091042453
0.07165,0,18.1,0,0.581,6.004,84.1,2.1974,3,254.75,19.1,377.67,14.27,20.3,3.010620886
0.09299,0,18.1,0,0.581,5.961,92.9,2.0869,3,254.75,19.1,378.09,17.93,20.5,3.020424886
0.15038,0,18.1,0,0.581,5.856,97,1.9444,3,254.75,19.1,370.31,19.805,17.3,2.850706502
0.09849,0,18.1,0,0.581,5.879,95.8,2.0063,3,254.75,19.1,379.38,17.58,18.8,2.93385687
0.16902,0,18.1,0,0.581,5.986,88.4,1.9929,3,254.75,19.1,385.02,14.81,21.4,3.063390922
0.38735,0,18.1,0,0.581,5.712,95.6,1.8022,3,254.75,19.1,359.29,19.805,15.7,2.753660712
0.25915,0,18.1,0,0.624,5.712,96,1.8022,4,437,20.2,392.11,17.19,16.2,2.785011242
0.32543,0,18.1,0,0.624,6.431,97.3,1.8125,4,437,20.2,396.9,15.39,18,2.890371758
0.88125,0,18.1,0,0.624,5.712,94.7,1.9799,4,437,20.2,396.9,18.34,14.3,2.660259537
0.34006,0,18.1,0,0.624,6.458,97.3,2.1185,4,437,20.2,395.04,12.6,19.2,2.954910279
1.19294,0,18.1,0,0.624,6.326,97.3,2.271,4,437,20.2,396.9,12.26,19.6,2.975529566
0.59005,0,18.1,0,0.624,6.372,97.3,2.3274,4,437,20.2,385.76,11.12,23,3.135494216
0.32982,0,18.1,0,0.624,5.822,95.4,2.4699,4,437,20.2,388.69,15.03,18.4,2.912350665
0.97617,0,18.1,0,0.624,5.757,97.3,2.346,4,437,20.2,343.8575,17.31,15.6,2.747270914
0.55778,0,18.1,0,0.624,6.335,97.3,2.1107,4,437,20.2,394.67,16.96,18.1,2.895911938
0.32264,0,18.1,0,0.624,5.942,93.5,1.9669,4,437,20.2,378.25,16.9,17.4,2.856470206
0.35233,0,18.1,0,0.624,6.454,97.3,1.8498,4,437,20.2,394.08,14.59,17.1,2.839078464
0.2498,0,18.1,0,0.624,5.857,97.3,1.8022,4,437,20.2,392.04,19.805,13.975,2.637265207
0.54452,0,18.1,0,0.624,6.151,97.3,1.8022,4,437,20.2,396.9,18.46,17.8,2.879198457
0.2909,0,18.1,0,0.624,6.174,93.6,1.8022,4,437,20.2,388.08,19.805,14,2.63905733
1.62864,0,18.1,0,0.624,5.712,97.3,1.8022,4,437,20.2,396.9,19.805,14.4,2.667228207
3.32105,0,18.1,0,0.693,5.712,97.3,1.8022,5,403,15.575,396.9,19.805,13.975,2.637265207
4.0974,0,18.1,0,0.693,5.712,97.3,1.8022,5,403,15.575,396.9,19.805,15.6,2.747270914
2.77974,0,18.1,0,0.693,5.712,97.3,1.8022,5,403,15.575,396.9,19.805,13.975,2.637265207
2.37934,0,18.1,0,0.693,6.13,97.3,1.8022,5,403,15.575,343.8575,19.805,13.975,2.637265207
2.15505,0,18.1,0,0.693,5.712,97.3,1.8022,5,403,15.575,343.8575,16.65,15.6,2.747270914
2.36862,0,18.1,0,0.693,5.712,95.7,1.8022,5,403,15.575,391.71,19.805,14.6,2.681021529
2.33099,0,18.1,0,0.693,5.712,93.8,1.8022,5,403,15.575,356.99,19.805,17.8,2.879198457
2.73397,0,18.1,0,0.693,5.712,94.9,1.8022,5,403,15.575,351.85,19.805,15.4,2.734367509
1.6566,0,18.1,0,0.693,6.122,97.3,1.8022,5,403,15.575,372.8,14.1,21.5,3.068052935
1.49632,0,18.1,0,0.693,5.712,97.3,1.8022,5,403,15.575,343.8575,13.28,19.6,2.975529566
1.12658,0,18.1,0,0.693,5.712,88,1.8022,5,403,15.575,343.8575,12.12,15.3,2.727852828
2.14918,0,18.1,0,0.693,5.712,97.3,1.8022,5,403,15.575,343.8575,15.79,19.4,2.965273066
1.41385,0,18.1,0,0.693,6.129,96,1.8022,5,403,15.575,343.8575,15.12,17,2.833213344
3.53501,0,18.1,0,0.693,6.152,82.6,1.8022,5,403,15.575,343.8575,15.02,15.6,2.747270914
2.44668,0,18.1,0,0.693,5.712,94,1.8022,5,403,15.575,343.8575,16.14,13.975,2.637265207
1.22358,0,18.1,0,0.605,6.94,97.3,1.8773,5,403,15.575,363.43,5.465,31.025,3.434792358
1.34284,0,18.1,0,0.605,6.066,97.3,1.8022,5,403,15.575,353.89,6.43,24.3,3.19047635
1.42502,0,18.1,0,0.693,6.51,97.3,1.8022,5,403,15.575,364.31,7.39,23.3,3.148453361
1.27346,0,18.1,0,0.605,6.25,92.6,1.8022,5,403,15.575,343.8575,5.5,27,3.295836866
1.46336,0,18.1,0,0.605,6.94,90.8,1.9709,5,403,15.575,374.43,5.465,31.025,3.434792358
1.83377,0,18.1,0,0.605,6.94,97.3,2.0407,5,403,15.575,389.61,5.465,31.025,3.434792358
1.51902,0,18.1,0,0.605,6.94,93.9,2.162,5,403,15.575,388.45,5.465,31.025,3.434792358
2.24236,0,18.1,0,0.605,5.854,91.8,2.422,5,403,15.575,395.11,11.64,22.7,3.122364924
2.924,0,18.1,0,0.605,6.101,93,2.2834,5,403,15.575,343.8575,9.81,25,3.218875825
2.01019,0,18.1,0,0.605,6.94,96.2,2.0459,5,403,15.575,369.3,5.465,31.025,3.434792358
1.80028,0,18.1,0,0.605,5.877,79.2,2.4259,5,403,15.575,343.8575,12.14,23.8,3.169685581
2.3004,0,18.1,0,0.605,6.319,96.1,2.1,5,403,15.575,343.8575,11.1,23.8,3.169685581
2.44953,0,18.1,0,0.605,6.402,95.2,2.2625,5,403,15.575,343.8575,11.32,22.3,3.104586678
1.20742,0,18.1,0,0.605,5.875,94.6,2.4259,5,403,15.575,343.8575,14.43,17.4,2.856470206
2.3139,0,18.1,0,0.605,5.88,97.3,2.3887,5,403,15.575,348.13,12.03,19.1,2.949688335
0.13914,0,4.05,0,0.51,5.712,88.5,2.5961,5,296,16.6,396.9,14.69,23.1,3.139832618
0.09178,0,4.05,0,0.51,6.416,84.1,2.6463,5,296,16.6,395.5,9.04,23.6,3.161246712
0.08447,0,4.05,0,0.51,5.859,68.7,2.7019,5,296,16.6,393.23,9.64,22.6,3.117949906
0.06664,0,4.05,0,0.51,6.546,33.1,3.1323,5,296,16.6,390.96,5.465,29.4,3.380994674
0.07022,0,4.05,0,0.51,6.02,47.2,3.5549,5,296,16.6,393.23,10.11,23.2,3.144152279
0.05425,0,4.05,0,0.51,6.315,73.4,3.3175,5,296,16.6,395.6,6.29,24.6,3.202746443
0.06642,0,4.05,0,0.51,6.86,74.4,2.9153,5,296,16.6,391.27,6.92,29.9,3.39785848
0.0578,0,3.64,0,0.488,6.94,58.4,2.829,3,254.75,17.8,396.9,5.465,31.025,3.434792358
0.06588,0,3.64,0,0.488,6.94,83.3,2.741,3,254.75,17.8,395.56,7.56,31.025,3.434792358
0.06888,0,3.64,0,0.488,6.144,62.2,2.5979,3,254.75,17.8,396.9,9.45,31.025,3.434792358
0.09103,0,3.64,0,0.488,6.94,92.2,2.7006,3,254.75,17.8,394.12,5.465,31.025,3.434792358
0.10008,0,3.64,0,0.488,6.563,95.6,2.847,3,254.75,17.8,396.9,5.68,31.025,3.434792358
0.08308,0,3.64,0,0.488,5.712,89.8,2.9879,3,254.75,17.8,391,13.98,26.4,3.27336401
0.06047,0,3.64,0,0.488,6.153,68.8,3.2797,3,254.75,17.8,387.11,13.15,29.6,3.387774361
0.05602,0,3.64,0,0.488,6.94,53.6,3.1992,3,254.75,17.8,392.63,5.465,31.025,3.434792358
0.07875,28,3.64,0,0.437,6.782,41.1,3.7886,5,398,15.575,393.87,6.68,31.025,3.434792358
0.12579,28,3.64,0,0.437,6.556,32.2,4.5667,5,398,15.575,382.84,5.465,29.8,3.394508394
0.0837,28,3.64,0,0.437,6.94,38.9,4.5667,5,398,15.575,396.9,5.465,31.025,3.434792358
0.09068,28,3.64,0,0.437,6.94,32.2,6.267675,5,398,15.575,377.68,5.465,31.025,3.434792358
0.06911,28,3.64,0,0.437,6.739,32.2,6.267675,5,398,15.575,389.71,5.465,30.5,3.417726684
0.08664,28,3.64,0,0.437,6.94,32.2,6.267675,5,398,15.575,390.49,5.465,31.025,3.434792358
0.05077,28,3.64,0,0.4365,6.8,32.2,6.2196,3,265,15.6,393.37,5.465,31.025,3.434792358
0.05077,28,3.64,0,0.4365,6.604,32.2,6.2196,3,265,15.6,376.7,5.465,29.1,3.370738174
0.05077,28,3.64,0,0.4365,6.94,32.2,5.6484,4,255,15.575,394.23,5.465,31.025,3.434792358
0.05077,28,3.64,0,0.4365,6.94,34.1,6.267675,3,329,15.575,396.9,5.465,31.025,3.434792358
0.05077,28,3.64,0,0.4365,6.94,36.6,6.267675,3,329,15.575,354.31,8.61,30.3,3.411147713
0.05077,28,3.64,0,0.4365,6.94,38.3,6.267675,3,329,15.575,392.2,6.62,31.025,3.434792358
0.05077,28,3.64,0,0.4365,6.94,32.2,6.267675,3,402,17,396.9,5.465,31.025,3.434792358
0.05077,28,3.64,0,0.4365,6.94,32.2,6.267675,3,402,17,384.3,5.465,31.025,3.434792358
0.05077,28,3.64,0,0.4365,6.162,38.4,6.267675,3,348,15.575,393.77,7.43,24.1,3.18221184
0.05077,28,3.64,0,0.4365,6.94,32.2,6.267675,3,348,15.575,395.38,5.465,31.025,3.434792358
0.05077,28,3.64,0,0.4365,6.94,33.2,5.118,4,254.75,15.575,392.78,5.465,31.025,3.434792358
0.05077,28,3.64,0,0.4365,6.94,32.2,5.118,4,254.75,15.575,390.55,5.465,31.025,3.434792358
0.13642,0,10.59,0,0.489,5.891,32.2,3.9454,4,277,18.6,396.9,10.87,22.6,3.117949906
0.22969,0,10.59,0,0.489,6.326,52.5,4.3549,4,277,18.6,394.87,10.97,24.4,3.194583132
0.25199,0,10.59,0,0.489,5.783,72.7,4.3549,4,277,18.6,389.43,18.06,22.5,3.113515309
0.13587,0,10.59,0,0.489,6.064,59.1,4.2392,4,277,18.6,381.32,14.66,24.4,3.194583132
0.43571,0,10.59,0,0.489,5.712,97.3,3.875,4,277,18.6,396.9,19.805,20,2.995732274
0.17446,0,10.59,0,0.489,5.96,92.1,3.8771,4,277,18.6,393.25,17.27,21.7,3.077312261
0.37578,0,10.59,0,0.489,5.712,88.6,3.665,4,277,18.6,395.24,19.805,19.3,2.960105096
0.21719,0,10.59,0,0.489,5.807,53.8,3.6526,4,277,18.6,390.94,16.03,22.4,3.109060959
0.14052,0,10.59,0,0.489,6.375,32.3,3.9454,4,277,18.6,385.81,9.38,28.1,3.335769576
0.28955,0,10.59,0,0.489,5.712,32.2,3.5875,4,277,18.6,348.93,19.805,23.7,3.165475048
0.19802,0,10.59,0,0.489,6.182,42.4,3.9454,4,277,18.6,393.63,9.47,25,3.218875825
0.05077,0,13.89,0,0.55,5.888,56,3.1121,5,276,16.4,392.8,13.51,23.3,3.148453361
0.07013,0,13.89,0,0.55,6.642,85.1,3.4211,5,276,16.4,392.78,9.69,28.7,3.356897123
0.11069,0,13.89,0,0.55,5.951,93.8,2.8893,5,276,16.4,396.9,17.92,21.5,3.068052935
0.11425,0,13.89,0,0.55,6.373,92.4,3.3633,5,276,16.4,393.74,10.5,23,3.135494216
0.35809,0,6.2,0,0.507,6.94,88.5,2.8617,8,307,17.4,391.7,9.71,26.7,3.284663565
0.40771,0,6.2,0,0.507,6.164,91.3,3.048,8,307,17.4,395.24,19.805,21.7,3.077312261
0.62356,0,6.2,0,0.507,6.879,77.7,3.2721,8,307,17.4,390.39,9.93,27.5,3.314186005
0.6147,0,6.2,0,0.507,6.618,80.8,3.2721,8,307,17.4,396.9,7.6,30.1,3.404525172
0.31533,0,6.2,0,0.504,6.94,78.3,2.8944,8,307,17.4,385.05,5.465,31.025,3.434792358
0.52693,0,6.2,0,0.504,6.94,83,2.8944,8,307,17.4,382,5.465,31.025,3.434792358
0.38214,0,6.2,0,0.504,6.94,86.5,3.2157,8,307,17.4,387.38,5.465,31.025,3.434792358
0.41238,0,6.2,0,0.504,6.94,79.9,3.2157,8,307,17.4,372.08,6.36,31.025,3.434792358
0.29819,0,6.2,0,0.504,6.94,32.2,3.3751,8,307,17.4,377.51,5.465,31.025,3.434792358
0.44178,0,6.2,0,0.504,6.552,32.2,3.3751,8,307,17.4,380.34,5.465,31.025,3.434792358
0.537,0,6.2,0,0.504,5.981,68.1,3.6715,8,307,17.4,378.35,11.65,24.3,3.19047635
0.46296,0,6.2,0,0.504,6.94,76.9,3.6715,8,307,17.4,376.14,5.465,31.025,3.434792358
0.57529,0,6.2,0,0.507,6.94,73.3,3.8384,8,307,17.4,385.91,5.465,31.025,3.434792358
0.33147,0,6.2,0,0.507,6.94,70.4,3.6519,8,307,17.4,378.95,5.465,31.025,3.434792358
0.44791,0,6.2,0,0.507,6.726,66.5,3.6519,8,307,17.4,360.2,8.05,29,3.36729583
0.33045,0,6.2,0,0.507,6.086,61.5,3.6519,8,307,17.4,376.75,10.88,24,3.17805383
0.52058,0,6.2,0,0.507,6.631,76.5,4.148,8,307,17.4,388.45,9.54,25.1,3.222867846
0.51183,0,6.2,0,0.507,6.94,71.6,4.148,8,307,17.4,390.07,5.465,31.025,3.434792358
0.08244,28,4.93,0,0.4365,6.481,32.2,6.1899,6,300,16.6,379.41,6.36,23.7,3.165475048
0.09252,28,4.93,0,0.4365,6.606,42.2,6.1899,6,300,16.6,383.78,7.37,23.3,3.148453361
0.11329,28,4.93,0,0.4365,6.897,54.3,6.267675,6,300,16.6,391.25,11.38,22,3.091042453
0.10612,28,4.93,0,0.4365,6.095,65.1,6.267675,6,300,16.6,394.62,12.4,20.1,3.000719815
0.1029,28,4.93,0,0.4365,6.358,52.9,6.267675,6,300,16.6,372.75,11.22,22.2,3.100092289
0.12757,28,4.93,0,0.4365,6.393,32.2,6.267675,6,300,16.6,374.71,5.465,23.7,3.165475048
0.20608,22,5.86,0,0.4365,5.712,76.5,6.267675,7,330,19.1,372.49,12.5,17.6,2.867898902
0.19133,22,5.86,0,0.4365,5.712,70.2,6.267675,7,330,19.1,389.13,18.46,18.5,2.917770732
0.33983,22,5.86,0,0.4365,6.108,34.9,6.267675,7,330,19.1,390.18,9.16,24.3,3.19047635
0.19657,22,5.86,0,0.4365,6.226,79.2,6.267675,7,330,19.1,376.14,10.15,20.5,3.020424886
0.16439,22,5.86,0,0.4365,6.433,49.1,6.267675,7,330,19.1,374.71,9.52,24.5,3.198673118
0.19073,22,5.86,0,0.4365,6.718,32.2,6.267675,7,330,19.1,393.74,6.56,26.2,3.265759411
0.1403,22,5.86,0,0.4365,6.487,32.2,6.267675,7,330,19.1,396.28,5.9,24.4,3.194583132
0.21409,22,5.86,0,0.4365,6.438,32.2,6.267675,7,330,19.1,377.07,5.465,24.8,3.210843653
0.08221,22,5.86,0,0.4365,6.94,32.2,6.267675,7,330,19.1,386.09,5.465,29.6,3.387774361
0.36894,22,5.86,0,0.4365,6.94,32.2,6.267675,7,330,19.1,396.9,5.465,31.025,3.434792358
0.05077,28,3.64,0,0.4365,6.108,32.2,6.267675,3,315,16.4,392.89,6.57,21.9,3.086486637
0.05077,28,3.64,0,0.4365,5.876,32.2,6.267675,3,315,16.4,395.18,9.25,20.9,3.039749159
0.05077,28,3.75,0,0.4365,6.94,34.2,6.267675,3,254.75,15.9,386.34,5.465,31.025,3.434792358
0.61154,20,3.97,0,0.647,6.94,86.9,1.8022,5,264,15.575,389.7,5.465,31.025,3.434792358
0.66351,20,3.97,0,0.647,6.94,97.3,1.8946,5,264,15.575,383.29,7.79,31.025,3.434792358
0.65665,20,3.97,0,0.647,6.842,97.3,2.0107,5,264,15.575,391.93,6.9,30.1,3.404525172
0.54011,20,3.97,0,0.647,6.94,81.8,2.1121,5,264,15.575,392.8,9.59,31.025,3.434792358
0.53412,20,3.97,0,0.647,6.94,89.4,2.1398,5,264,15.575,388.37,7.26,31.025,3.434792358
0.52014,20,3.97,0,0.647,6.94,91.5,2.2885,5,264,15.575,386.86,5.91,31.025,3.434792358
0.82526,20,3.97,0,0.647,6.94,94.5,2.0788,5,264,15.575,393.42,11.25,31,3.433987204
0.55007,20,3.97,0,0.647,6.94,91.6,1.9301,5,264,15.575,387.89,8.1,31.025,3.434792358
0.76162,20,3.97,0,0.647,5.712,62.8,1.9865,5,264,15.575,392.4,10.45,22.8,3.126760536
0.7857,20,3.97,0,0.647,6.94,84.6,2.1329,5,264,15.575,384.07,14.79,30.7,3.424262655
0.57834,20,3.97,0,0.575,6.94,67,2.4216,5,264,15.575,384.54,7.44,31.025,3.434792358
0.5405,20,3.97,0,0.575,6.94,52.6,2.872,5,264,15.575,390.3,5.465,31.025,3.434792358
0.09065,20,6.96,0,0.464,5.92,61.5,3.9175,3,254.75,18.6,391.34,13.65,20.7,3.0301337
0.29916,20,6.96,0,0.464,5.856,42.1,4.429,3,254.75,18.6,388.65,13,21.1,3.04927304
0.16211,20,6.96,0,0.464,6.24,32.2,4.429,3,254.75,18.6,396.9,6.59,25.2,3.226843995
0.1146,20,6.96,0,0.464,6.538,58.7,3.9175,3,254.75,18.6,394.96,7.73,24.4,3.194583132
0.22188,20,6.96,0,0.464,6.94,51.8,4.3665,3,254.75,18.6,390.77,6.58,31.025,3.434792358
0.05644,28,6.41,0,0.447,6.758,32.9,4.0776,4,254.75,17.6,396.9,5.465,31.025,3.434792358
0.09604,28,6.41,0,0.447,6.854,42.8,4.2673,4,254.75,17.6,396.9,5.465,31.025,3.434792358
0.10469,28,6.41,0,0.447,6.94,49,4.7872,4,254.75,17.6,389.25,6.05,31.025,3.434792358
0.06127,28,6.41,0,0.447,6.826,32.2,4.8628,4,254.75,17.6,393.45,5.465,31.025,3.434792358
0.07978,28,6.41,0,0.447,6.482,32.2,4.1403,4,254.75,17.6,396.9,7.19,29.1,3.370738174
0.21038,20,3.64,0,0.4429,6.812,32.2,4.1007,5,254.75,15.575,396.9,5.465,31.025,3.434792358
0.05077,20,3.64,0,0.4429,6.94,64.5,4.6947,5,254.75,15.575,387.31,5.465,31.025,3.434792358
0.05077,20,3.64,0,0.4429,6.94,37.2,5.2447,5,254.75,15.575,392.23,5.465,31.025,3.434792358
0.06129,20,3.64,0,0.4429,6.94,49.7,5.2119,5,254.75,15.575,377.07,5.465,31.025,3.434792358
0.05077,28,3.64,0,0.4365,6.94,32.2,5.885,3,254.75,15.575,395.52,5.465,31.025,3.434792358
0.05077,28,3.64,0,0.4365,6.94,32.2,6.267675,3,285,15.575,394.72,7.85,31.025,3.434792358
0.05077,28,3.64,0,0.4365,6.453,32.2,6.267675,3,300,15.575,394.72,8.23,22,3.091042453
0.05077,28,3.64,0,0.4365,6.23,32.2,6.267675,3,254.75,18.2,343.8575,12.93,20.1,3.000719815
0.05077,28,5.32,0,0.4365,6.209,32.2,6.267675,6,293,16.6,396.9,7.14,23.2,3.144152279
0.05077,28,5.32,0,0.4365,6.315,45.6,6.267675,6,293,16.6,396.9,7.6,22.3,3.104586678
0.05077,28,5.32,0,0.4365,6.565,32.2,6.267675,6,293,16.6,371.72,9.51,24.8,3.210843653
0.05077,28,4.95,0,0.4365,6.861,32.2,5.1167,4,254.75,19.2,396.9,5.465,28.5,3.349904087
0.07886,28,4.95,0,0.4365,6.94,32.2,5.1167,4,254.75,19.2,396.9,5.465,31.025,3.434792358
0.05077,28,4.95,0,0.4365,6.63,32.2,5.1167,4,254.75,19.2,396.9,5.465,27.9,3.328626689
0.08265,0,13.92,0,0.437,6.127,32.2,5.5027,4,289,16,396.9,8.58,23.9,3.173878459
0.08199,0,13.92,0,0.437,6.009,42.3,5.5027,4,289,16,396.9,10.4,21.7,3.077312261
0.12932,0,13.92,0,0.437,6.678,32.2,5.9604,4,289,16,396.9,6.27,28.6,3.353406718
0.05372,0,13.92,0,0.437,6.549,51,5.9604,4,289,16,392.85,7.39,27.1,3.299533728
0.14103,0,13.92,0,0.437,5.79,58,6.267675,4,289,16,396.9,15.84,20.3,3.010620886
0.06466,28,3.64,0,0.4365,6.345,32.2,6.267675,5,358,15.575,368.24,5.465,22.5,3.113515309
0.05561,28,3.64,0,0.4365,6.94,32.2,6.267675,5,358,15.575,371.58,5.465,29,3.36729583
0.05077,28,3.64,0,0.4365,6.871,47.4,6.267675,5,358,15.575,390.86,6.07,24.8,3.210843653
0.05077,28,6.09,0,0.4365,6.59,40.4,5.4917,7,329,16.1,395.75,9.5,22,3.091042453
0.09266,28,6.09,0,0.4365,6.495,32.2,5.4917,7,329,16.1,383.61,8.67,26.4,3.27336401
0.1,28,6.09,0,0.4365,6.94,32.2,5.4917,7,329,16.1,390.43,5.465,31.025,3.434792358
0.05515,28,3.64,0,0.472,6.94,41.1,4.022,7,254.75,18.4,393.68,6.93,31.025,3.434792358
0.05479,28,3.64,0,0.472,6.616,58.1,3.37,7,254.75,18.4,393.36,8.93,28.4,3.346389145
0.07503,28,3.64,0,0.472,6.94,71.9,3.0992,7,254.75,18.4,396.9,6.47,31.025,3.434792358
0.05077,28,3.64,0,0.472,6.849,70.3,3.1827,7,254.75,18.4,396.9,7.53,28.2,3.339321978
0.49298,0,9.9,0,0.544,6.635,82.5,3.3175,4,304,18.4,396.9,5.465,22.8,3.126760536
0.3494,0,9.9,0,0.544,5.972,76.7,3.1025,4,304,18.4,396.24,9.97,20.3,3.010620886
2.63548,0,9.9,0,0.544,5.712,37.8,2.5194,4,304,18.4,350.45,12.64,16.1,2.778819272
0.79041,0,9.9,0,0.544,6.122,52.8,2.6403,4,304,18.4,396.9,5.98,22.1,3.095577609
0.26169,0,9.9,0,0.544,6.023,90.4,2.834,4,304,18.4,396.3,11.72,19.4,2.965273066
0.26938,0,9.9,0,0.544,6.266,82.8,3.2628,4,304,18.4,393.39,7.9,21.6,3.072693315
0.3692,0,9.9,0,0.544,6.567,87.3,3.6023,4,304,18.4,395.69,9.28,23.8,3.169685581
0.25356,0,9.9,0,0.544,5.712,77.7,3.945,4,304,18.4,396.42,11.5,16.2,2.785011242
0.31827,0,9.9,0,0.544,5.914,83.2,3.9986,4,304,18.4,390.7,18.33,17.8,2.879198457
0.24522,0,9.9,0,0.544,5.782,71.7,4.0317,4,304,18.4,396.9,15.94,19.8,2.985681938
0.40202,0,9.9,0,0.544,6.382,67.2,3.5325,4,304,18.4,395.21,10.36,23.1,3.139832618
0.47547,0,9.9,0,0.544,6.113,58.8,4.0019,4,304,18.4,396.23,12.73,21,3.044522438
0.1676,0,7.38,0,0.493,6.426,52.3,4.5404,5,287,19.6,396.9,7.2,23.8,3.169685581
0.18159,0,7.38,0,0.493,6.376,54.3,4.5404,5,287,19.6,396.9,6.87,23.1,3.139832618
0.35114,0,7.38,0,0.493,6.041,49.9,4.7211,5,287,19.6,396.9,7.7,20.4,3.015534901
0.28392,0,7.38,0,0.493,5.712,74.3,4.7211,5,287,19.6,391.13,11.74,18.5,2.917770732
0.34109,0,7.38,0,0.493,6.415,40.1,4.7211,5,287,19.6,396.9,6.12,25,3.218875825
0.19186,0,7.38,0,0.493,6.431,32.2,5.4159,5,287,19.6,393.68,5.465,24.6,3.202746443
0.30347,0,7.38,0,0.493,6.312,32.2,5.4159,5,287,19.6,396.9,6.15,23,3.135494216
0.24103,0,7.38,0,0.493,6.083,43.7,5.4159,5,287,19.6,396.9,12.79,22.2,3.100092289
0.06617,0,3.64,0,0.46,5.868,32.2,5.2146,4,430,16.9,382.44,9.97,19.3,2.960105096
0.06724,0,3.64,0,0.46,6.333,32.2,5.2146,4,430,16.9,375.21,7.34,22.6,3.117949906
0.05077,0,3.64,0,0.46,6.144,32.2,5.8736,4,430,16.9,368.57,9.09,19.8,2.985681938
0.05077,28,6.06,0,0.4379,5.712,32.2,6.267675,3,304,16.9,394.02,12.43,17.1,2.839078464
0.05077,28,6.06,0,0.4379,6.031,32.2,6.267675,3,304,16.9,362.25,7.83,19.4,2.965273066
0.05083,0,5.19,0,0.515,6.316,38.1,6.267675,5,254.75,20.2,389.71,5.68,22.2,3.100092289
0.05077,0,5.19,0,0.515,6.31,38.5,6.267675,5,254.75,20.2,389.4,6.75,20.7,3.0301337
0.05077,0,5.19,0,0.515,6.037,34.5,5.9853,5,254.75,20.2,396.9,8.01,21.1,3.04927304
0.05077,0,5.19,0,0.515,5.869,46.3,5.2311,5,254.75,20.2,396.9,9.8,19.5,2.970414466
0.05077,0,5.19,0,0.515,5.895,59.6,5.615,5,254.75,20.2,394.81,10.56,18.5,2.917770732
0.05077,0,5.19,0,0.515,6.059,37.3,4.8122,5,254.75,20.2,396.14,8.51,20.6,3.025291076
0.05497,0,5.19,0,0.515,5.985,45.4,4.8122,5,254.75,20.2,396.9,9.74,19,2.944438979
0.06151,0,5.19,0,0.515,5.968,58.5,4.8122,5,254.75,20.2,396.9,9.29,18.7,2.928523524
0.05077,28,3.64,0,0.442,6.94,49.3,6.267675,3,284,15.575,394.74,5.49,31.025,3.434792358
0.05077,0,3.64,0,0.518,6.54,59.7,6.2669,3,422,15.9,389.96,8.65,16.5,2.803360381
0.05077,28,3.78,0,0.484,6.696,56.4,5.7321,5,370,17.6,396.9,7.18,23.9,3.173878459
0.05077,28,3.78,0,0.484,6.874,32.2,6.267675,5,370,17.6,387.97,5.465,31.025,3.434792358
0.05077,0,4.39,0,0.442,6.014,48.5,6.267675,3,352,18.8,385.64,10.53,17.5,2.862200881
0.06162,0,4.39,0,0.442,5.898,52.3,6.267675,3,352,18.8,364.61,12.67,17.2,2.844909384
0.05077,28,4.15,0,0.4365,6.516,32.2,6.267675,4,351,17.9,392.43,6.36,23.1,3.139832618
0.05077,28,3.64,0,0.4365,6.635,32.2,6.267675,4,280,17,390.94,5.99,24.5,3.198673118
0.05077,28,3.64,0,0.4365,6.939,34.5,6.267675,3,335,19.7,389.85,5.89,26.6,3.280911216
0.06211,28,3.64,0,0.4365,6.49,44.4,6.267675,3,335,19.7,396.9,5.98,22.9,3.131136911
0.0795,28,3.64,0,0.4365,6.579,35.9,6.267675,4,411,18.3,370.78,5.49,24.1,3.18221184
0.07244,28,3.64,0,0.4365,5.884,32.2,6.267675,4,411,18.3,392.33,7.79,18.6,2.923161581
0.05077,28,3.64,0,0.4365,6.728,36.1,6.267675,5,254.75,17,384.46,5.465,30.1,3.404525172
0.05077,28,3.64,0,0.4365,5.712,32.2,6.267675,4,334,20.2,382.8,8.05,18.2,2.901421594
0.10659,28,3.64,0,0.4365,5.936,32.2,6.267675,4,334,20.2,376.04,5.57,20.6,3.025291076
8.0083075,0,18.1,0,0.693,6.212,97.3,2.1222,24,666,20.2,377.73,17.6,17.8,2.879198457
3.8497,0,18.1,0,0.693,6.395,91,2.5052,24,666,20.2,391.34,13.27,21.7,3.077312261
5.20177,0,18.1,0,0.693,6.127,83.4,2.7227,24,666,20.2,395.43,11.48,22.7,3.122364924
4.26131,0,18.1,0,0.693,6.112,81.3,2.5091,24,666,20.2,390.74,12.67,22.6,3.117949906
4.54192,0,18.1,0,0.693,6.398,88,2.5182,24,666,20.2,374.56,7.79,25,3.218875825
3.83684,0,18.1,0,0.693,6.251,91.1,2.2955,24,666,20.2,350.65,14.19,19.9,2.990719732
3.67822,0,18.1,0,0.693,5.712,96.2,2.1036,24,666,20.2,380.79,10.19,20.8,3.034952987
4.22239,0,18.1,0,0.693,5.803,89,1.9047,24,666,20.2,353.04,14.64,16.8,2.821378886
3.47428,0,18.1,0,0.693,6.94,82.9,1.9047,24,666,20.2,354.55,5.465,21.9,3.086486637
4.55587,0,18.1,0,0.693,5.712,87.9,1.8022,24,666,20.2,354.7,7.12,27.5,3.314186005
3.69695,0,18.1,0,0.693,5.712,91.4,1.8022,24,666,20.2,343.8575,14,21.9,3.086486637
8.0083075,0,18.1,0,0.631,5.712,97.3,1.8022,24,666,20.2,343.8575,13.33,23.1,3.139832618
4.89822,0,18.1,0,0.631,5.712,97.3,1.8022,24,666,20.2,375.52,5.465,31.025,3.434792358
5.66998,0,18.1,0,0.631,6.683,96.8,1.8022,24,666,20.2,375.33,5.465,31.025,3.434792358
6.53876,0,18.1,0,0.631,6.94,97.3,1.8022,24,666,20.2,392.05,5.465,31.025,3.434792358
8.0083075,0,18.1,0,0.631,6.216,97.3,1.8022,24,666,20.2,366.15,9.53,31.025,3.434792358
8.0083075,0,18.1,0,0.668,5.875,89.6,1.8022,24,666,20.2,347.88,8.88,31.025,3.434792358
8.0083075,0,18.1,0,0.668,5.712,97.3,1.8022,24,666,20.2,396.9,19.805,13.975,2.637265207
8.0083075,0,18.1,0,0.668,5.712,97.3,1.8022,24,666,20.2,396.9,19.805,13.975,2.637265207
8.0083075,0,18.1,0,0.671,6.94,97.3,1.8022,24,666,20.2,396.9,13.44,15,2.708050201
8.0083075,0,18.1,0,0.671,6.649,93.3,1.8022,24,666,20.2,363.02,19.805,13.975,2.637265207
8.0083075,0,18.1,0,0.671,6.794,97.3,1.8022,24,666,20.2,396.9,19.805,13.975,2.637265207
8.0083075,0,18.1,0,0.671,6.38,96.2,1.8022,24,666,20.2,396.9,19.805,13.975,2.637265207
8.0083075,0,18.1,0,0.671,6.223,97.3,1.8022,24,666,20.2,393.74,19.805,13.975,2.637265207
8.0083075,0,18.1,0,0.671,6.94,91.9,1.8022,24,666,20.2,396.9,17.21,13.975,2.637265207
8.0083075,0,18.1,0,0.671,6.545,97.3,1.8022,24,666,20.2,396.9,19.805,13.975,2.637265207
8.0083075,0,18.1,0,0.693,5.712,97.3,1.8022,24,666,20.2,396.9,19.805,13.975,2.637265207
7.99248,0,18.1,0,0.693,5.712,97.3,1.8022,24,666,20.2,396.9,19.805,13.975,2.637265207
8.0083075,0,18.1,0,0.693,5.712,91.2,1.8022,24,666,20.2,343.8575,19.805,13.975,2.637265207
8.0083075,0,18.1,0,0.693,5.712,97.3,1.8022,24,666,20.2,396.9,19.805,13.975,2.637265207
8.0083075,0,18.1,0,0.693,5.712,97.3,1.8022,24,666,20.2,396.9,19.805,13.975,2.637265207
8.0083075,0,18.1,0,0.693,5.712,89.5,1.8022,24,666,20.2,396.9,19.805,13.975,2.637265207
8.0083075,0,18.1,0,0.693,5.712,97.3,1.8022,24,666,20.2,372.92,19.805,13.975,2.637265207
8.0083075,0,18.1,0,0.693,5.712,97.3,1.8022,24,666,20.2,396.9,19.805,13.975,2.637265207
6.96215,0,18.1,0,0.693,5.713,97,1.9265,24,666,20.2,394.43,17.11,15.1,2.714694744
5.29305,0,18.1,0,0.693,6.051,82.5,2.1678,24,666,20.2,378.38,18.76,23.2,3.144152279
8.0083075,0,18.1,0,0.693,5.712,97,1.8022,24,666,20.2,396.9,19.805,13.975,2.637265207
8.0083075,0,18.1,0,0.693,6.193,92.6,1.8022,24,666,20.2,396.9,15.17,13.975,2.637265207
8.0083075,0,18.1,0,0.693,5.887,94.7,1.8022,24,666,20.2,396.9,16.35,13.975,2.637265207
8.0083075,0,18.1,0,0.693,6.471,97.3,1.8022,24,666,20.2,391.98,17.12,13.975,2.637265207
5.87205,0,18.1,0,0.693,6.405,96,1.8022,24,666,20.2,396.9,19.37,13.975,2.637265207
7.67202,0,18.1,0,0.693,5.747,97.3,1.8022,24,666,20.2,393.1,19.805,13.975,2.637265207
8.0083075,0,18.1,0,0.693,5.712,97.3,1.8022,24,666,20.2,396.9,19.805,13.975,2.637265207
8.0083075,0,18.1,0,0.693,5.852,77.8,1.8022,24,666,20.2,343.8575,19.805,13.975,2.637265207
8.0083075,0,18.1,0,0.693,5.987,97.3,1.8022,24,666,20.2,396.9,19.805,13.975,2.637265207
8.0083075,0,18.1,0,0.693,6.343,97.3,1.8022,24,666,20.2,396.9,19.805,13.975,2.637265207
8.0083075,0,18.1,0,0.693,6.404,97.3,1.8022,24,666,20.2,376.11,19.805,13.975,2.637265207
8.0083075,0,18.1,0,0.693,5.712,96,1.8022,24,666,20.2,396.9,19.77,13.975,2.637265207
8.0083075,0,18.1,0,0.693,5.712,85.4,1.8022,24,666,20.2,343.8575,19.805,13.975,2.637265207
8.0083075,0,18.1,0,0.693,5.712,97.3,1.8022,24,666,20.2,384.97,19.805,13.975,2.637265207
8.0083075,0,18.1,0,0.659,5.712,97.3,1.8022,24,666,20.2,370.22,19.805,13.975,2.637265207
8.0083075,0,18.1,0,0.659,5.712,97.3,1.8022,24,666,20.2,343.8575,12.13,27.9,3.328626689
7.40389,0,18.1,0,0.597,5.712,97.3,1.8022,24,666,20.2,343.8575,19.805,17.2,2.844909384
8.0083075,0,18.1,0,0.597,6.852,97.3,1.8022,24,666,20.2,343.8575,19.78,27.5,3.314186005
8.0083075,0,18.1,0,0.597,5.757,97.3,1.8022,24,666,20.2,343.8575,10.11,15,2.708050201
8.0083075,0,18.1,0,0.597,6.657,97.3,1.8022,24,666,20.2,343.8575,19.805,17.2,2.844909384
8.0083075,0,18.1,0,0.597,5.712,97.3,1.8022,24,666,20.2,343.8575,19.805,17.9,2.884800713
8.0083075,0,18.1,0,0.597,5.712,97.3,1.8022,24,666,20.2,343.8575,19.805,16.3,2.791165108
8.0083075,0,18.1,0,0.693,5.712,97.3,1.8022,24,666,20.2,343.8575,19.805,13.975,2.637265207
8.0083075,0,18.1,0,0.679,6.434,97.3,1.8347,24,666,20.2,343.8575,19.805,13.975,2.637265207
8.0083075,0,18.1,0,0.679,6.782,90.8,1.8195,24,666,20.2,343.8575,19.805,13.975,2.637265207
8.0083075,0,18.1,0,0.679,5.712,89.1,1.8022,24,666,20.2,343.8575,19.805,13.975,2.637265207
8.0083075,0,18.1,0,0.679,5.957,97.3,1.8026,24,666,20.2,343.8575,19.805,13.975,2.637265207
8.0083075,0,18.1,0,0.693,6.824,76.5,1.8022,24,666,20.2,343.8575,19.805,13.975,2.637265207
8.0083075,0,18.1,0,0.693,6.411,97.3,1.8589,24,666,20.2,343.8575,15.02,16.7,2.815408719
7.02259,0,18.1,0,0.693,6.006,95.3,1.8746,24,666,20.2,343.8575,15.7,14.2,2.653241965
8.0083075,0,18.1,0,0.614,5.712,87.6,1.9512,24,666,20.2,343.8575,14.1,20.8,3.034952987
7.05042,0,18.1,0,0.614,6.103,85.1,2.0218,24,666,20.2,343.8575,19.805,13.975,2.637265207
8.0083075,0,18.1,0,0.584,5.712,70.6,2.0635,24,666,20.2,343.8575,17.16,13.975,2.637265207
8.0083075,0,18.1,0,0.679,5.896,95.4,1.9096,24,666,20.2,343.8575,19.805,13.975,2.637265207
8.0083075,0,18.1,0,0.584,5.837,59.7,1.9976,24,666,20.2,343.8575,15.69,13.975,2.637265207
8.0083075,0,18.1,0,0.679,6.202,78.7,1.8629,24,666,20.2,343.8575,14.52,13.975,2.637265207
7.36711,0,18.1,0,0.679,6.193,78.1,1.9356,24,666,20.2,343.8575,19.805,13.975,2.637265207
8.0083075,0,18.1,0,0.679,6.38,95.6,1.9682,24,666,20.2,343.8575,19.805,13.975,2.637265207
8.0083075,0,18.1,0,0.584,6.348,86.1,2.0527,24,666,20.2,343.8575,17.64,14.5,2.674148649
8.0083075,0,18.1,0,0.584,6.833,94.3,2.0882,24,666,20.2,343.8575,19.69,14.1,2.646174797
6.44405,0,18.1,0,0.584,6.425,74.8,2.2004,24,666,20.2,343.8575,12.03,16.1,2.778819272
5.58107,0,18.1,0,0.693,6.436,87.9,2.3158,24,666,20.2,343.8575,16.22,14.3,2.660259537
8.0083075,0,18.1,0,0.693,6.208,95,2.2222,24,666,20.2,343.8575,15.17,13.975,2.637265207
8.0083075,0,18.1,0,0.693,6.629,94.6,2.1247,24,666,20.2,343.8575,19.805,13.975,2.637265207
8.0083075,0,18.1,0,0.693,6.461,93.3,2.0026,24,666,20.2,343.8575,18.05,13.975,2.637265207
8.0083075,0,18.1,0,0.693,6.152,97.3,1.9142,24,666,20.2,343.8575,19.805,13.975,2.637265207
8.0083075,0,18.1,0,0.693,5.935,87.9,1.8206,24,666,20.2,343.8575,19.805,13.975,2.637265207
8.0083075,0,18.1,0,0.693,5.712,93.9,1.8172,24,666,20.2,396.9,19.805,13.975,2.637265207
8.0083075,0,18.1,0,0.693,5.818,92.4,1.8662,24,666,20.2,391.45,19.805,13.975,2.637265207
8.0083075,0,18.1,0,0.693,6.406,97.2,2.0651,24,666,20.2,385.96,19.52,17.1,2.839078464
5.66637,0,18.1,0,0.693,6.219,97.3,2.0048,24,666,20.2,395.69,16.59,18.4,2.912350665
8.0083075,0,18.1,0,0.693,6.485,97.3,1.9784,24,666,20.2,386.73,18.85,15.4,2.734367509
8.0083075,0,18.1,0,0.693,5.854,96.6,1.8956,24,666,20.2,343.8575,19.805,13.975,2.637265207
8.0083075,0,18.1,0,0.693,6.459,94.8,1.9879,24,666,20.2,343.8575,19.805,13.975,2.637265207
6.28807,0,18.1,0,0.693,6.341,96.4,2.072,24,666,20.2,343.8575,17.79,14.9,2.701361213
8.0083075,0,18.1,0,0.693,6.251,96.6,2.198,24,666,20.2,388.52,16.44,13.975,2.637265207
8.0083075,0,18.1,0,0.693,6.185,97.3,2.2616,24,666,20.2,396.9,18.13,14.1,2.646174797
7.52601,0,18.1,0,0.693,6.417,97.3,2.185,24,666,20.2,343.8575,19.31,13.975,2.637265207
6.71772,0,18.1,0,0.693,6.749,92.6,2.3236,24,666,20.2,343.8575,17.44,13.975,2.637265207
5.44114,0,18.1,0,0.693,6.655,97.3,2.3552,24,666,20.2,355.29,17.73,15.2,2.721295428
5.09017,0,18.1,0,0.693,6.297,91.8,2.3682,24,666,20.2,385.09,17.27,16.1,2.778819272
8.0083075,0,18.1,0,0.693,6.94,97.3,2.4527,24,666,20.2,375.87,16.74,17.8,2.879198457
8.0083075,0,18.1,0,0.693,6.728,94.1,2.4961,24,666,20.2,343.8575,18.71,14.9,2.701361213
4.75237,0,18.1,0,0.693,6.525,86.5,2.4358,24,666,20.2,343.8575,18.13,14.1,2.646174797
4.66883,0,18.1,0,0.693,5.976,87.9,2.5806,24,666,20.2,343.8575,19.01,13.975,2.637265207
8.0083075,0,18.1,0,0.693,5.936,80.3,2.7792,24,666,20.2,343.8575,16.94,13.975,2.637265207
7.75223,0,18.1,0,0.693,6.301,83.7,2.7831,24,666,20.2,343.8575,16.23,14.9,2.701361213
6.80117,0,18.1,0,0.693,6.081,84.4,2.7175,24,666,20.2,396.9,14.7,20,2.995732274
4.81213,0,18.1,0,0.693,6.701,90,2.5975,24,666,20.2,343.8575,16.42,16.4,2.797281335
3.69311,0,18.1,0,0.693,6.376,88.4,2.5671,24,666,20.2,391.43,14.65,17.7,2.87356464
6.65492,0,18.1,0,0.693,6.317,83,2.7344,24,666,20.2,396.9,13.99,19.5,2.970414466
5.82115,0,18.1,0,0.693,6.513,89.9,2.8016,24,666,20.2,393.82,10.29,20.2,3.005682604
7.83932,0,18.1,0,0.655,6.209,65.4,2.9634,24,666,20.2,396.9,13.22,21.4,3.063390922
3.1636,0,18.1,0,0.655,5.759,48.2,3.0665,24,666,20.2,343.8575,14.13,19.9,2.990719732
3.77498,0,18.1,0,0.655,5.952,84.7,2.8715,24,666,20.2,343.8575,17.15,19,2.944438979
4.42228,0,18.1,0,0.584,6.003,94.5,2.5403,24,666,20.2,343.8575,19.805,19.1,2.949688335
8.0083075,0,18.1,0,0.58,5.926,71,2.9084,24,666,20.2,368.74,18.13,19.1,2.949688335
8.0083075,0,18.1,0,0.58,5.713,56.7,2.8237,24,666,20.2,396.9,14.76,20.1,3.000719815
4.34879,0,18.1,0,0.58,6.167,84,3.0334,24,666,20.2,396.9,16.29,19.9,2.990719732
4.03841,0,18.1,0,0.532,6.229,90.7,3.0993,24,666,20.2,395.33,12.87,19.6,2.975529566
3.56868,0,18.1,0,0.58,6.437,75,2.8965,24,666,20.2,393.37,14.36,23.2,3.144152279
4.64689,0,18.1,0,0.614,6.94,67.6,2.5329,24,666,20.2,374.68,11.66,29.8,3.394508394
8.0083075,0,18.1,0,0.584,5.712,95.4,2.4298,24,666,20.2,352.58,18.14,13.975,2.637265207
6.39312,0,18.1,0,0.584,6.162,97.3,2.206,24,666,20.2,343.8575,19.805,13.975,2.637265207
4.87141,0,18.1,0,0.614,6.484,93.6,2.3053,24,666,20.2,396.21,18.68,16.7,2.815408719
8.0083075,0,18.1,0,0.614,5.712,97.3,2.1007,24,666,20.2,349.48,19.805,13.975,2.637265207
8.0083075,0,18.1,0,0.614,6.185,96.7,2.1705,24,666,20.2,379.7,18.03,14.6,2.681021529
8.0083075,0,18.1,0,0.614,6.229,88,1.9512,24,666,20.2,383.32,13.11,21.4,3.063390922
5.82401,0,18.1,0,0.532,6.242,64.7,3.4242,24,666,20.2,396.9,10.74,23,3.135494216
5.70818,0,18.1,0,0.532,6.75,74.9,3.3317,24,666,20.2,393.07,7.74,23.7,3.165475048
5.73116,0,18.1,0,0.532,6.94,77,3.4106,24,666,20.2,395.28,7.01,25,3.218875825
2.81838,0,18.1,0,0.532,5.762,40.3,4.0983,24,666,20.2,392.92,10.42,21.8,3.08190997
2.37857,0,18.1,0,0.583,5.871,41.9,3.724,24,666,20.2,370.73,13.34,20.6,3.025291076
3.67367,0,18.1,0,0.583,6.312,51.9,3.9917,24,666,20.2,388.62,10.58,21.2,3.054001182
5.69175,0,18.1,0,0.583,6.114,79.8,3.5459,24,666,20.2,392.68,14.98,19.1,2.949688335
4.83567,0,18.1,0,0.583,5.905,53.2,3.1523,24,666,20.2,388.22,11.45,20.6,3.025291076
0.15086,0,18.1,0,0.609,5.712,92.7,1.8209,4,666,20.1,395.09,18.06,15.2,2.721295428
0.18337,0,18.1,0,0.609,5.712,97.3,1.8022,4,666,20.1,344.05,19.805,13.975,2.637265207
0.20746,0,18.1,0,0.609,5.712,97.3,1.8226,4,666,20.1,343.8575,19.805,13.975,2.637265207
0.10574,0,18.1,0,0.609,5.983,97.3,1.8681,4,666,20.1,390.11,18.07,13.975,2.637265207
0.11132,0,18.1,0,0.609,5.983,83.5,2.1099,4,666,20.1,396.9,13.35,20.1,3.000719815
0.17331,0,9.69,0,0.585,5.712,54,2.3817,6,391,19.2,396.9,12.01,21.8,3.08190997
0.27957,0,9.69,0,0.585,5.926,42.6,2.3817,6,391,19.2,396.9,13.59,24.5,3.198673118
0.17899,0,9.69,0,0.585,5.712,32.2,2.7986,6,391,19.2,393.29,17.6,23.1,3.139832618
0.2896,0,9.69,0,0.585,5.712,72.9,2.7986,6,391,19.2,396.9,19.805,19.7,2.980618636
0.26838,0,9.69,0,0.585,5.794,70.6,2.8927,6,391,19.2,396.9,14.1,18.3,2.90690106
0.23912,0,9.69,0,0.585,6.019,65.3,2.4091,6,391,19.2,396.9,12.92,21.2,3.054001182
0.17783,0,9.69,0,0.585,5.712,73.5,2.3999,6,391,19.2,395.77,15.1,17.5,2.862200881
0.22438,0,9.69,0,0.585,6.027,79.7,2.4982,6,391,19.2,396.9,14.33,16.8,2.821378886
0.06263,0,11.93,0,0.573,6.593,69.1,2.4786,3,273,20.2,391.99,9.67,22.4,3.109060959
0.05077,0,11.93,0,0.573,6.12,76.7,2.2875,3,273,20.2,396.9,9.08,20.6,3.025291076
0.06076,0,11.93,0,0.573,6.94,91,2.1675,3,273,20.2,396.9,5.64,23.9,3.173878459
0.10959,0,11.93,0,0.573,6.794,89.3,2.3889,3,273,20.2,393.45,6.48,22,3.091042453
0.05077,0,11.93,0,0.573,6.03,80.8,2.505,3,273,20.2,396.9,7.88,13.975,2.637265207
